axis,subset,kind,method_x,method_y,n,pearson,pearson_lo,pearson_hi,spearman,spearman_lo,spearman_hi,P_bigfam_gt
dist_cum,>=0.00,both,falconer,snp_h2,340,0.6014507752573177,0.44072142851762397,0.7956465208421839,0.786295224244187,0.7142046213970693,0.8490956991983664,0.966
dist_cum,>=0.00,both,herg,snp_h2,340,0.5556635107198522,0.39634531715275384,0.7488375157699846,0.7566489639815853,0.6840880397855889,0.8215962344328807,0.9909
dist_cum,>=0.00,both,sem_step,snp_h2,340,0.2923872675049027,0.1368289707018532,0.537893631016666,0.6307076580842712,0.5432493889923561,0.7147004942842167,1.0
dist_cum,>=0.00,both,sem_const,snp_h2,340,0.771722501655397,0.6745648040279102,0.8502722887883241,0.795259736998502,0.7357582934926529,0.8480869343982418,0.589
dist_cum,>=0.00,both,ldak_step,snp_h2,340,0.5962067535833103,0.49141263285360737,0.6993474706626447,0.6452059920069728,0.555423006285298,0.7280480767812187,1.0
dist_cum,>=0.00,both,ldak_const,snp_h2,340,0.7401392719475218,0.6473518787400838,0.8243990852984481,0.7753480503118227,0.7051856068029126,0.8383694661994464,0.8409
dist_cum,>=0.00,both,bigfam,snp_h2,340,0.7872915321055953,0.7422891375827196,0.828151222922667,0.7245905881211449,0.6666950513827117,0.7765961497862982,
dist_cum,>=0.00,both,bigfam_v1,snp_h2,255,0.5667146221206782,0.4501438324436987,0.6731047084330818,0.5855459377378079,0.4979167943526527,0.683541435530434,1.0
dist_cum,>=0.00,continuous,falconer,snp_h2,255,0.601289078211123,0.41001859614085817,0.830201275284185,0.814017856949218,0.7292866429237305,0.8880551036967145,0.9453
dist_cum,>=0.00,continuous,herg,snp_h2,255,0.5593670723022752,0.3683572035057796,0.7986335575379274,0.7906592249446439,0.7050758727419155,0.867093832371583,0.9757
dist_cum,>=0.00,continuous,sem_step,snp_h2,255,0.32234998198377784,0.1324868489397491,0.6491647584557332,0.7504894124085832,0.6548980948880584,0.8358916608194339,0.9896
dist_cum,>=0.00,continuous,sem_const,snp_h2,255,0.8484297610873893,0.7876594848664917,0.8999278830220537,0.8519951742672264,0.7945920458810437,0.9003476475398006,0.0674
dist_cum,>=0.00,continuous,ldak_step,snp_h2,255,0.6963315365556559,0.5714598514733656,0.8153683259153739,0.7417829953066416,0.6452608307248251,0.8276905114555145,0.9524
dist_cum,>=0.00,continuous,ldak_const,snp_h2,255,0.7825855598924478,0.6759736662304751,0.8797033650804946,0.8240842680887689,0.7445948156566617,0.8921812301689219,0.6283
dist_cum,>=0.00,continuous,bigfam,snp_h2,255,0.8034166959328449,0.7507339283851167,0.8517889120061011,0.799819379551553,0.7423155501345676,0.8501318305466355,
dist_cum,>=0.00,continuous,bigfam_v1,snp_h2,255,0.5667146221206782,0.4535015114230538,0.6728790223264063,0.5855459377378079,0.4889425967401764,0.673520316963011,1.0
dist_cum,>=0.00,binary,falconer,snp_h2,85,0.49358803241902893,0.24191950861159603,0.6948443172056341,0.511686535079148,0.31750469165950884,0.6714326126471108,0.0983
dist_cum,>=0.00,binary,herg,snp_h2,85,0.5420086452757064,0.32262094023492005,0.712195187643128,0.539906195036154,0.35286194525328796,0.6974515930793557,0.0539
dist_cum,>=0.00,binary,sem_step,snp_h2,85,0.10762714836394578,-0.12648663103328822,0.3503202457578011,0.16103185460230604,-0.05862662417177974,0.3664690285880318,0.8562
dist_cum,>=0.00,binary,sem_const,snp_h2,85,0.4609134338117529,0.1628425341627722,0.7324148264950016,0.5034786007426226,0.30776352620268327,0.6762909312577151,0.1768
dist_cum,>=0.00,binary,ldak_step,snp_h2,85,0.23111994410920852,0.010222257524867693,0.44606547263952073,0.27326558530388895,0.05749129802990184,0.473769442109877,0.6715
dist_cum,>=0.00,binary,ldak_const,snp_h2,85,0.5422746128577638,0.27386071895745506,0.739937820067952,0.48850150724399344,0.2898620366438097,0.6632060703788217,0.0745
dist_cum,>=0.00,binary,bigfam,snp_h2,85,0.3181790023181956,0.01745926388478379,0.5479724138518993,0.28904754323555715,0.06075470637218849,0.503490044350509,
dist_cum,>=0.05,both,falconer,snp_h2,260,0.5337097779240351,0.35163033484858724,0.7655863536290614,0.7521271380623938,0.6591874121922942,0.8343240121226723,0.99
dist_cum,>=0.05,both,herg,snp_h2,260,0.49656035386725017,0.3205303154023075,0.7220892228149657,0.727755003946521,0.6352972931735318,0.8098564269454775,0.9978
dist_cum,>=0.05,both,sem_step,snp_h2,260,0.21704650755425406,0.06021696059440076,0.4688447177164228,0.5614231171535142,0.45182826338387533,0.6652949494443836,1.0
dist_cum,>=0.05,both,sem_const,snp_h2,260,0.7362012576078173,0.6181420381422709,0.8331610086130822,0.7697716987884173,0.6942681208593283,0.8361457556992073,0.9384
dist_cum,>=0.05,both,ldak_step,snp_h2,260,0.530661588453945,0.4082223402157265,0.651979371750552,0.577477237129679,0.46718927328541526,0.6815431733294216,1.0
dist_cum,>=0.05,both,ldak_const,snp_h2,260,0.7025171755020014,0.5941912186223632,0.8055736467449428,0.7490448164752439,0.6594692109445847,0.8283289274400407,0.9868
dist_cum,>=0.05,both,bigfam,snp_h2,260,0.8094081721477475,0.7674392214226522,0.8479554692266211,0.7713756468004944,0.7178794101885287,0.8188707902694256,
dist_cum,>=0.05,both,bigfam_v1,snp_h2,195,0.5591092133966667,0.43777600922879595,0.6710854783228156,0.568048509759798,0.46935045145005067,0.6813675816524803,1.0
dist_cum,>=0.05,continuous,falconer,snp_h2,195,0.5294721939858664,0.31456769875206264,0.8022523968930844,0.7814240173305421,0.6700034834852269,0.8756779075882218,0.9815
dist_cum,>=0.05,continuous,herg,snp_h2,195,0.4937226475463763,0.28032650890174227,0.7734922590371631,0.7638156837982659,0.6522886226651666,0.8609069176164725,0.9845
dist_cum,>=0.05,continuous,sem_step,snp_h2,195,0.2508477982599455,0.054176008536643616,0.6024012521367165,0.7069090455940474,0.5851566593667518,0.8161807597239884,0.9981
dist_cum,>=0.05,continuous,sem_const,snp_h2,195,0.8220633760893868,0.7475600647540045,0.8893139383145691,0.8333354237840831,0.7610641050107235,0.8940154097635664,0.6071
dist_cum,>=0.05,continuous,ldak_step,snp_h2,195,0.6432233951053479,0.49473650201184194,0.7881617340705253,0.6970139217254723,0.5759369682859845,0.8070596807522343,0.9969
dist_cum,>=0.05,continuous,ldak_const,snp_h2,195,0.7405407057750076,0.6073061850316007,0.8617696293146124,0.7978081761696956,0.6936116731470816,0.8857494424238788,0.9275
dist_cum,>=0.05,continuous,bigfam,snp_h2,195,0.8310382617488604,0.7852654820610135,0.8739522303457644,0.844063688628474,0.797143355777648,0.884412485579464,
dist_cum,>=0.05,continuous,bigfam_v1,snp_h2,195,0.5591092133966667,0.438592200565017,0.6736563900292287,0.568048509759798,0.45833061182575013,0.6738262803571297,1.0
dist_cum,>=0.05,binary,falconer,snp_h2,65,0.45134517843650945,0.1550722375168288,0.690134637868724,0.4277972027972028,0.1896641968518254,0.6243988138298789,0.3316
dist_cum,>=0.05,binary,herg,snp_h2,65,0.5188235721605793,0.24865643494239864,0.7194581210473113,0.4511363636363636,0.21919056688282532,0.6462665166352989,0.2092
dist_cum,>=0.05,binary,sem_step,snp_h2,65,0.0203626861114894,-0.23349892173009001,0.29157841070564916,0.01687062937062937,-0.22299228578531863,0.2571299518821865,0.9657
dist_cum,>=0.05,binary,sem_const,snp_h2,65,0.4483160164744999,0.10380267360638788,0.7552527982055374,0.4559877622377623,0.20104268014727408,0.6702046543028629,0.3602
dist_cum,>=0.05,binary,ldak_step,snp_h2,65,0.08994175547470135,-0.15146398363166824,0.33633285302626836,0.10782342657342658,-0.13614531818219452,0.3379499020410909,0.9519
dist_cum,>=0.05,binary,ldak_const,snp_h2,65,0.5648781181130407,0.24515615928770648,0.7851694648507543,0.4787150349650349,0.23594565392099534,0.6878763303410577,0.1767
dist_cum,>=0.05,binary,bigfam,snp_h2,65,0.4006566938917139,0.09118192432284836,0.6315163325731161,0.3953135166841695,0.14641754011019842,0.6219358461821206,
dist_cum,>=0.10,both,falconer,snp_h2,198,0.47582854439138,0.27130688055112817,0.7273095501816063,0.71863631181217,0.6034045007054665,0.8188764802145634,0.9944
dist_cum,>=0.10,both,herg,snp_h2,198,0.446679637112458,0.24916454021133902,0.693934278094778,0.702524353645741,0.5881797750633388,0.8054034836441036,0.9986
dist_cum,>=0.10,both,sem_step,snp_h2,198,0.16052172772576498,-0.006999287483090548,0.4206901972247004,0.5065882866747756,0.38136568397030857,0.6316577268883314,1.0
dist_cum,>=0.10,both,sem_const,snp_h2,198,0.7130941982476486,0.5777794597657706,0.8268111632501033,0.755309490820425,0.6644557065143921,0.8314215416377864,0.9683
dist_cum,>=0.10,both,ldak_step,snp_h2,198,0.4946461365129899,0.35447081395579877,0.6380632551481162,0.5349106855187892,0.40589851809401306,0.6607571847112207,1.0
dist_cum,>=0.10,both,ldak_const,snp_h2,198,0.6732020666433525,0.5413779939575647,0.792919887690114,0.7255452521360268,0.6130746775665252,0.8220753715002688,0.9933
dist_cum,>=0.10,both,bigfam,snp_h2,198,0.8104593821911903,0.7614714385063956,0.8540166866601696,0.7822132528806439,0.7205349073686151,0.8346086396517716,
dist_cum,>=0.10,both,bigfam_v1,snp_h2,153,0.55381754325237,0.41929646858505143,0.6768404606271461,0.5691611325253985,0.450392510533854,0.6891449335628758,1.0
dist_cum,>=0.10,continuous,falconer,snp_h2,153,0.47289331664987483,0.24587884798640047,0.776581000779348,0.750698187143688,0.6194081496052537,0.8667890780872565,0.9831
dist_cum,>=0.10,continuous,herg,snp_h2,153,0.44271751409816684,0.2137364333421354,0.7516860224448214,0.7399058138434884,0.6075379572145205,0.8572707674043188,0.9867
dist_cum,>=0.10,continuous,sem_step,snp_h2,153,0.18359474197556214,-0.015772903976405427,0.5478736891275835,0.6606215750307058,0.5183981902744296,0.7938871001790032,0.9991
dist_cum,>=0.10,continuous,sem_const,snp_h2,153,0.8062598826878329,0.7186695665733848,0.8824556464472458,0.8271059116819531,0.7451199323225467,0.8959508924868277,0.8001
dist_cum,>=0.10,continuous,ldak_step,snp_h2,153,0.5981873930856627,0.42718001669589256,0.7658957005636684,0.6616495754597456,0.5203929684884828,0.7933226465106256,0.9985
dist_cum,>=0.10,continuous,ldak_const,snp_h2,153,0.7095132826132367,0.5597709090902011,0.8455286042980631,0.7723226439359447,0.6495486389963643,0.8788359325188095,0.9677
dist_cum,>=0.10,continuous,bigfam,snp_h2,153,0.8339155976829489,0.7779169305543475,0.8824791813339565,0.851173931354771,0.7954916867856925,0.8962366590788391,
dist_cum,>=0.10,continuous,bigfam_v1,snp_h2,153,0.55381754325237,0.42167066315334445,0.6796899652255661,0.5691611325253985,0.44285206026333496,0.6833484242483842,1.0
dist_cum,>=0.10,binary,falconer,snp_h2,45,0.40795794273608843,0.05562168595929265,0.7009492943754161,0.392094861660079,0.10355722619362263,0.6213063600677325,0.3776
dist_cum,>=0.10,binary,herg,snp_h2,45,0.5154187289592662,0.17255296642068263,0.7608675134008525,0.43557312252964425,0.15375776092193158,0.6646007729665971,0.2338
dist_cum,>=0.10,binary,sem_step,snp_h2,45,0.04381354748958615,-0.24519125313454854,0.3227212468975405,-0.015415019762845848,-0.3055990375279271,0.2529265817618142,0.9047
dist_cum,>=0.10,binary,sem_const,snp_h2,45,0.359163288437582,-0.0001427180732264082,0.7399813587271764,0.44453227931488803,0.14474439271688525,0.7052607576218647,0.4581
dist_cum,>=0.10,binary,ldak_step,snp_h2,45,0.09489320712668482,-0.19083360506256902,0.35631437657985543,0.06403162055335967,-0.23146502337672822,0.338418595245896,0.8945
dist_cum,>=0.10,binary,ldak_const,snp_h2,45,0.501874832841759,0.18488014392956428,0.7681479998340673,0.5131752305665349,0.23325614116190774,0.7598300969291049,0.2398
dist_cum,>=0.10,binary,bigfam,snp_h2,45,0.37757100647205083,-0.05426286268004458,0.66970433755371,0.33823674509061313,0.028238281784960625,0.6215444657378145,
dist_cum,>=0.15,both,falconer,snp_h2,153,0.4076542915806922,0.18690481130922307,0.6924946551951081,0.6814016000913761,0.538464038527944,0.8062780146380706,0.9949
dist_cum,>=0.15,both,herg,snp_h2,153,0.3832583676275265,0.16803694400967872,0.6597479549948303,0.6618741555379363,0.5220795471190989,0.7865457616053387,0.9989
dist_cum,>=0.15,both,sem_step,snp_h2,153,0.11824920211877862,-0.06469363242444012,0.40688171870041323,0.49257543304755813,0.33870853495353764,0.6371445484654904,1.0
dist_cum,>=0.15,both,sem_const,snp_h2,153,0.6659426369940864,0.5059212248893391,0.8016452381477196,0.7205268523306546,0.6110556065768388,0.8120436131677315,0.9942
dist_cum,>=0.15,both,ldak_step,snp_h2,153,0.4677768788568928,0.29945193906949896,0.6295889390698604,0.5049493754550419,0.3494632806327265,0.654005789952185,1.0
dist_cum,>=0.15,both,ldak_const,snp_h2,153,0.6258096058782715,0.4702275551766744,0.7655400375706921,0.6828576095850681,0.5443743167282885,0.7995781480588722,0.9981
dist_cum,>=0.15,both,bigfam,snp_h2,153,0.8073274845553363,0.7495445381390266,0.8582362062611184,0.787808978995934,0.7175562103579441,0.8460185809545718,
dist_cum,>=0.15,both,bigfam_v1,snp_h2,121,0.588216120060682,0.44781522708946875,0.7200764975782946,0.6174080238016685,0.5024874787688183,0.7454930227710238,0.9999
dist_cum,>=0.15,continuous,falconer,snp_h2,121,0.4011829066122162,0.1505003882612387,0.745871525476999,0.7102335561478077,0.5486443393963619,0.8521429830990634,0.985
dist_cum,>=0.15,continuous,herg,snp_h2,121,0.37388438800027385,0.1252952164365518,0.720266557061684,0.6972542630653933,0.5340659305899055,0.8403050618401404,0.9899
dist_cum,>=0.15,continuous,sem_step,snp_h2,121,0.12913753144009957,-0.0831362149123681,0.5136964509164518,0.6170177093521063,0.4467132739712776,0.7745352445423828,0.9989
dist_cum,>=0.15,continuous,sem_const,snp_h2,121,0.7747954239063991,0.6657296810735973,0.8695454558812704,0.8019150554053217,0.70188221046393,0.8853835575185791,0.9569
dist_cum,>=0.15,continuous,ldak_step,snp_h2,121,0.552604679159374,0.35507694644053384,0.7445421792853171,0.6182681611915495,0.44850002195150124,0.7756866527952394,0.9985
dist_cum,>=0.15,continuous,ldak_const,snp_h2,121,0.6600127648939552,0.4775790768640098,0.8308819770875069,0.7318031476722762,0.5795521148689571,0.8615372838736698,0.9877
dist_cum,>=0.15,continuous,bigfam,snp_h2,121,0.8355970332707188,0.772151939034245,0.8907494646987115,0.8529928558523167,0.7917947219179918,0.9019687414189423,
dist_cum,>=0.15,continuous,bigfam_v1,snp_h2,121,0.588216120060682,0.44646060630559203,0.7179817107626633,0.6174080238016685,0.48795767807431994,0.7322360807706743,1.0
dist_cum,>=0.15,binary,falconer,snp_h2,32,0.3262494236428753,-0.11132098213030725,0.723004027154169,0.29068914956011727,-0.09532038350194953,0.597011552089048,0.2431
dist_cum,>=0.15,binary,herg,snp_h2,32,0.4990450166821743,0.037582216341042356,0.8152661156337627,0.3581378299120234,-0.009771420826796945,0.6582043796987714,0.0867
dist_cum,>=0.15,binary,sem_step,snp_h2,32,-0.009337396609390513,-0.34575314854353634,0.34709453188756,-0.016495601173020527,-0.38329818368918717,0.324288245211529,0.7922
dist_cum,>=0.15,binary,sem_const,snp_h2,32,0.2662036481139834,-0.16968423181654396,0.7427569914213408,0.31891495601173014,-0.059698918267216225,0.6697192341086808,0.3534
dist_cum,>=0.15,binary,ldak_step,snp_h2,32,0.037754309893583894,-0.3155070508088876,0.36988765268890306,0.019061583577712607,-0.3338308246209214,0.35759810590107505,0.7575
dist_cum,>=0.15,binary,ldak_const,snp_h2,32,0.4224379838044538,0.006003434754297475,0.7848058145993622,0.41239002932551316,0.03537528559075851,0.7442083504420877,0.1587
dist_cum,>=0.15,binary,bigfam,snp_h2,32,0.2047420395267954,-0.2574315930625539,0.570206117582663,0.22173506243934557,-0.15278376777671457,0.5973980464471161,
dist_cum,>=0.20,both,falconer,snp_h2,101,0.2857644930984937,0.050830539193196994,0.6430798599867202,0.5834478741991845,0.3894544768314667,0.7660846844764545,0.9957
dist_cum,>=0.20,both,herg,snp_h2,101,0.27922580976244304,0.04864868657509787,0.6251249534772806,0.5828771112405359,0.3936814846550524,0.7618057905400335,0.9972
dist_cum,>=0.20,both,sem_step,snp_h2,101,0.016286543923186254,-0.16344515950651137,0.32942812516039166,0.3997553873034362,0.2064927962021013,0.5916501298250469,1.0
dist_cum,>=0.20,both,sem_const,snp_h2,101,0.5951004958521168,0.39429765138479295,0.7752934222262031,0.6285381479324403,0.47493487214175084,0.7641194692463285,0.9978
dist_cum,>=0.20,both,ldak_step,snp_h2,101,0.4013754829326341,0.20524723170134526,0.6052855175753831,0.4306648419077662,0.23431722339141114,0.6268496834204869,0.9999
dist_cum,>=0.20,both,ldak_const,snp_h2,101,0.5371343769900339,0.3442701937377627,0.7334727934569454,0.5694474782253599,0.38598906982147635,0.7442896347792196,0.9979
dist_cum,>=0.20,both,bigfam,snp_h2,101,0.8060024390550754,0.7130159618511963,0.8739153513005131,0.7093704761623593,0.5865369135400214,0.8088567425012075,
dist_cum,>=0.20,both,bigfam_v1,snp_h2,77,0.7537695958361553,0.6082693606701368,0.8752953040530154,0.7308327545671893,0.5833176099873075,0.8561935823058859,0.7962
dist_cum,>=0.20,continuous,falconer,snp_h2,77,0.2761760315111803,0.014058333140813707,0.6761578643810948,0.614227877385772,0.39105743035354074,0.8181666434795574,0.9901
dist_cum,>=0.20,continuous,herg,snp_h2,77,0.25615696296260004,-0.0029248750671054726,0.6558120040717368,0.6111257163888741,0.3902255252423091,0.8143308410616761,0.9926
dist_cum,>=0.20,continuous,sem_step,snp_h2,77,0.014097165820781587,-0.1929235008470128,0.4034354802208851,0.4835690625164309,0.2577573819335371,0.7007684434760897,0.9994
dist_cum,>=0.20,continuous,sem_const,snp_h2,77,0.7463583448014635,0.5889810322278121,0.8692783782979946,0.7426783742573216,0.5812000494173684,0.8680684673617143,0.9952
dist_cum,>=0.20,continuous,ldak_step,snp_h2,77,0.45766627607867166,0.22069179074747905,0.7000713824985946,0.49318400022400233,0.26751741171791976,0.7101659306531313,0.9993
dist_cum,>=0.20,continuous,ldak_const,snp_h2,77,0.5795372335373521,0.3444915543813893,0.8083896376136188,0.6334400287356423,0.4140896863484223,0.8262297312567981,0.9973
dist_cum,>=0.20,continuous,bigfam,snp_h2,77,0.8616138191821383,0.7723767304053015,0.9223732353862824,0.8332887177348348,0.7228455794824685,0.9111531719524024,
dist_cum,>=0.20,continuous,bigfam_v1,snp_h2,77,0.7537695958361553,0.6084531321994303,0.8743174742612451,0.7308327545671893,0.585431711043099,0.8497877112631652,0.9906
dist_cum,>=0.20,binary,falconer,snp_h2,24,0.2729602829824482,-0.21832383248462395,0.7411565522433299,0.26086956521739124,-0.1915528763142836,0.6473634801558287,0.395
dist_cum,>=0.20,binary,herg,snp_h2,24,0.4808452691472466,-0.044281994198420306,0.8510525325455732,0.3530434782608695,-0.08543909306632949,0.7242945320094147,0.1566
dist_cum,>=0.20,binary,sem_step,snp_h2,24,-0.027603040064433124,-0.40644293729208547,0.4013765530875336,-0.03304347826086956,-0.4653685322605334,0.37959823342718496,0.8334
dist_cum,>=0.20,binary,sem_const,snp_h2,24,0.21060077102250024,-0.2900804817847695,0.7829794290003043,0.2713043478260869,-0.20082133443894304,0.7162580813587115,0.4908
dist_cum,>=0.20,binary,ldak_step,snp_h2,24,0.08001017839956782,-0.33313765226724973,0.46673845759379223,0.054782608695652164,-0.37536901500744546,0.46042992161560387,0.7754
dist_cum,>=0.20,binary,ldak_const,snp_h2,24,0.365832442945402,-0.12789751073404096,0.8192021216593159,0.32,-0.15478949392825145,0.7617390120647999,0.2995
dist_cum,>=0.20,binary,bigfam,snp_h2,24,0.2450530476971155,-0.23847276158741085,0.653851873655994,0.2169928479843335,-0.21358800533396263,0.6281568222878303,
dist_cum,>=0.25,both,falconer,snp_h2,51,-0.002275001183903818,-0.24943275189180567,0.4209102899376292,0.40751131221719455,0.1277671452289837,0.6907837061609516,0.9996
dist_cum,>=0.25,both,herg,snp_h2,51,0.0013503199305152922,-0.2472202395428613,0.4176924460201545,0.38868778280542987,0.11194904208999626,0.6743520015163481,0.9998
dist_cum,>=0.25,both,sem_step,snp_h2,51,-0.22876840826106076,-0.41285845862472925,0.07098501870065109,0.10651583710407238,-0.16496069610716543,0.3911292914286968,1.0
dist_cum,>=0.25,both,sem_const,snp_h2,51,0.4814584390344608,0.20338843833041736,0.7623005019108383,0.6243438914027148,0.4225581539089856,0.8039287254856389,0.9994
dist_cum,>=0.25,both,ldak_step,snp_h2,51,0.07015666325173825,-0.1925447336551664,0.3652891596281502,0.14532700077923202,-0.14119134839152428,0.4405607147403587,1.0
dist_cum,>=0.25,both,ldak_const,snp_h2,51,0.3671611806925258,0.09434528529148048,0.6734493677928758,0.4890246787354725,0.2234917987537946,0.7512636527971901,0.9994
dist_cum,>=0.25,both,bigfam,snp_h2,51,0.8609364333885084,0.7951737307426906,0.913333398141504,0.815883241064248,0.7227085447230349,0.8899431080445233,
dist_cum,>=0.25,both,bigfam_v1,snp_h2,39,0.8602518706438781,0.7572664484030477,0.942982245534036,0.8175514965680489,0.7078338413812787,0.9203637361181373,0.4756
dist_cum,>=0.25,continuous,falconer,snp_h2,39,-0.03877255750803775,-0.3209698708602301,0.4289792051606212,0.43198380566801625,0.11541480962395285,0.7463654877298956,0.9971
dist_cum,>=0.25,continuous,herg,snp_h2,39,-0.050710349962927975,-0.32941515726403403,0.41679153786519346,0.3991902834008097,0.0885666382605712,0.7148648119352402,0.9979
dist_cum,>=0.25,continuous,sem_step,snp_h2,39,-0.24958766827177367,-0.46435598394034794,0.10461487374813491,0.1716599190283401,-0.14273158421928286,0.5008901395527873,1.0
dist_cum,>=0.25,continuous,sem_const,snp_h2,39,0.6771599009487629,0.49812004970007295,0.8500405034274653,0.7060728744939272,0.4918232527094503,0.8764379225251894,0.9928
dist_cum,>=0.25,continuous,ldak_step,snp_h2,39,0.09534516208883363,-0.2079630504766375,0.4595955809765306,0.18298736522831302,-0.13697233316122095,0.5134474190276932,1.0
dist_cum,>=0.25,continuous,ldak_const,snp_h2,39,0.37224318827386393,0.04646344096612398,0.748054821704762,0.5150840356640145,0.20319049839000217,0.8039234186832693,0.9973
dist_cum,>=0.25,continuous,bigfam,snp_h2,39,0.8998614949407063,0.8444097666516265,0.946785144555982,0.8658565740938156,0.7899541553890232,0.9277588087583066,
dist_cum,>=0.25,continuous,bigfam_v1,snp_h2,39,0.8602518706438781,0.755708028660726,0.9424549790148207,0.8175514965680489,0.7026479288614657,0.909766178947191,0.8985
dist_cum,>=0.25,binary,falconer,snp_h2,12,0.20545022237735625,-0.6634450382060353,0.8911044051768174,0.1188811188811189,-0.6000355040470029,0.7583670936747967,0.8691
dist_cum,>=0.25,binary,herg,snp_h2,12,0.3803498780723217,-0.5972627795207318,0.9461262416082789,0.30069930069930073,-0.4193503391102803,0.8908061940119069,0.7654
dist_cum,>=0.25,binary,sem_step,snp_h2,12,-0.18743874666273136,-0.8315006440539465,0.4819879970307564,-0.4265734265734266,-0.8576500899409921,0.07944848610149456,0.9821
dist_cum,>=0.25,binary,sem_const,snp_h2,12,0.2429856959730784,-0.5264001508274849,0.9807819915632201,0.5174825174825175,-0.1900204079304596,0.9959491465974036,0.6492
dist_cum,>=0.25,binary,ldak_step,snp_h2,12,-0.12134771574699257,-0.8946165009012583,0.5738203451209389,-0.3356643356643357,-0.8624583199298491,0.24129898563899496,0.9992
dist_cum,>=0.25,binary,ldak_const,snp_h2,12,0.39532370357516994,-0.4206780708340718,0.9807588790454403,0.49650349650349657,-0.2149498285703196,0.9817259070432678,0.6346
dist_cum,>=0.25,binary,bigfam,snp_h2,12,0.6019812603487822,-0.10681256702740836,0.9140397531057021,0.5410109189581527,-0.03632037633317692,0.9238357649542193,
dist_cum,>=0.30,both,falconer,snp_h2,26,-0.17410306246081575,-0.45409884577745846,0.23536617337691393,0.107008547008547,-0.25080194520949584,0.486903665314246,0.9999
dist_cum,>=0.30,both,herg,snp_h2,26,-0.16711843305578156,-0.44844039217712645,0.2426737803163575,0.048888888888888885,-0.2906229897922793,0.41890575426823573,1.0
dist_cum,>=0.30,both,sem_step,snp_h2,26,-0.34825419193233575,-0.5627113358208808,-0.05681865410171514,-0.06461538461538462,-0.39362462185273744,0.3065428271166362,1.0
dist_cum,>=0.30,both,sem_const,snp_h2,26,0.3644930262348933,0.04188509570160254,0.7325588693848492,0.5193162393162393,0.22798040698863933,0.768184469374725,0.9992
dist_cum,>=0.30,both,ldak_step,snp_h2,26,-0.13898049837362558,-0.44834993882232704,0.2277716168508026,-0.04726034325796629,-0.4174831842134004,0.34881874204097335,1.0
dist_cum,>=0.30,both,ldak_const,snp_h2,26,0.21049301383188532,-0.12555684933826802,0.5908653763511702,0.2630140842182471,-0.10040324931253423,0.6266793805719836,0.9992
dist_cum,>=0.30,both,bigfam,snp_h2,26,0.8622002814219989,0.7508186694270826,0.9363613579679267,0.7783459990948262,0.6092166300469306,0.8990841642044537,
dist_cum,>=0.30,both,bigfam_v1,snp_h2,18,0.8838154608903471,0.7900774213491395,0.972769187980157,0.7320599839790831,0.5902009483595927,0.9518436267017459,0.2803
dist_cum,>=0.30,continuous,falconer,snp_h2,18,-0.1979910985901919,-0.5456603280135935,0.25282552528477487,0.1496388028895769,-0.2712895359484296,0.5598351312170684,0.9992
dist_cum,>=0.30,continuous,herg,snp_h2,18,-0.21538333126951412,-0.5531823314703039,0.22745545770763104,0.05882352941176471,-0.3452738250358092,0.4642706556375653,0.9992
dist_cum,>=0.30,continuous,sem_step,snp_h2,18,-0.3825628289342548,-0.6537937454107887,-0.06990430231034749,-0.05056759545923632,-0.4822760395904232,0.3919355731404307,0.9997
dist_cum,>=0.30,continuous,sem_const,snp_h2,18,0.5795806043535409,0.3506776349728922,0.8035456773846245,0.5830753353973168,0.21141090135030438,0.8516636687874907,0.9974
dist_cum,>=0.30,continuous,ldak_step,snp_h2,18,-0.1696830292708746,-0.5654329060969152,0.2665465453749127,-0.06016678441515235,-0.5009530031767879,0.3891552905070476,0.9997
dist_cum,>=0.30,continuous,ldak_const,snp_h2,18,0.2305506657358533,-0.15870263065540477,0.6612761945797294,0.2761122761845588,-0.1592280968997931,0.6780946091978884,0.9982
dist_cum,>=0.30,continuous,bigfam,snp_h2,18,0.9228960402620385,0.8485500661635444,0.9803852576732309,0.7622937907009886,0.5206281986503999,0.9311163388495878,
dist_cum,>=0.30,continuous,bigfam_v1,snp_h2,18,0.8838154608903471,0.7914500313420741,0.971208132658206,0.7320599839790831,0.4610048756736737,0.9277715540301446,0.8976
dist_cum,>=0.30,binary,falconer,snp_h2,8,0.047172939961358955,-0.8352525267520924,0.9497845060395638,0.07142857142857144,-0.7280587898081894,0.8730395439854632,0.8394
dist_cum,>=0.30,binary,herg,snp_h2,8,0.25302159318350803,-0.7901859268953028,0.9851638982602472,0.2380952380952381,-0.5966005392134929,0.9819805060619657,0.7564
dist_cum,>=0.30,binary,sem_step,snp_h2,8,-0.02456505473044268,-0.8072344064455185,0.839090458354711,-0.04761904761904763,-0.7183104469208695,0.9056143002472852,0.8432
dist_cum,>=0.30,binary,sem_const,snp_h2,8,-0.05705852113869986,-0.8119141994284245,0.9890937257263096,0.261904761904762,-0.6013888875570796,0.9848606254574866,0.6811
dist_cum,>=0.30,binary,ldak_step,snp_h2,8,0.028056710855981236,-0.8937949895922118,0.9163413332530662,0.0,-0.8317367970416422,0.8110931277040335,0.9373
dist_cum,>=0.30,binary,ldak_const,snp_h2,8,0.14623923598482938,-0.7265060404163622,0.9947075275197189,0.261904761904762,-0.6013888875570796,0.9848606254574866,0.6752
dist_cum,>=0.30,binary,bigfam,snp_h2,8,0.5365566047661322,-0.2717234394937944,0.9522154317171293,0.4047619047619048,-0.3424007772662983,0.9428313513135503,
